,Phone_Number,Pincode
0,(257) 563-7401,27606
1,(372) 587-2335,63110
2,(786) 713-8616,46194
3,(793) 151-6230,27606
4,(492) 709-6392,63110
5,(654) 393-5734,46194
6,(404) 960-3807,27606
7,(314) 244-6306,63110
8,(947) 278-5929,46194
9,(684) 579-1879,54725
10,(389) 737-2852,86510
11,(660) 663-4518,96522
12,(608) 265-2215,20620
13,(959) 119-8364,11523
14,(468) 353-2641,39531
15,(248) 675-4007,47096
16,(939) 353-1107,10855
17,(570) 873-7090,08219
18,(302) 259-2375,12482
19,(717) 450-4729,67708
20,(453) 391-4650,98804
21,(559) 104-5475,69409
22,(387) 142-9434,24975
23,(516) 745-4496,38100
24,(326) 677-3419,45149
25,(746) 679-2470,49854
26,(455) 430-0989,19253
27,(490) 936-4694,02913
28,(985) 834-8285,09289
29,(662) 661-1446,93373
30,(802) 668-8240,20783
31,(477) 768-9247,90255
32,(791) 239-9057,37547
33,(832) 109-0213,48432
34,(837) 196-3274,58563
35,(268) 442-2428,93479
36,(850) 676-5117,30309
37,(861) 546-5032,51324
38,(176) 805-4108,92358
39,(715) 912-6931,19759
40,(993) 554-0563,55797
41,(357) 616-5411,37232
42,(121) 347-0086,50654
43,(304) 506-6314,31626
44,(425) 288-2332,43526
45,(145) 987-4962,95302
46,(187) 582-9707,29738
47,(750) 558-3965,54886
48,(492) 467-3131,77373
49,(774) 914-2510,11292
50,(888) 106-8550,73585
51,(539) 567-3573,87535
52,(693) 337-2849,77382
53,(545) 604-9386,35282
54,(221) 156-5026,82776
55,(414) 876-0865,92508
56,(932) 726-8645,85794
57,(726) 710-9826,19408
58,(622) 594-1662,08609
59,(948) 600-8503,31522
60,(605) 900-7508,58521
61,(716) 977-5775,81202
62,(368) 239-8275,10626
63,(725) 342-0650,58520
64,(711) 993-5187,57692
65,(882) 399-5084,04645
66,(287) 755-9948,26278
67,(659) 551-3389,69679
68,(275) 730-6868,03869
69,(725) 757-4047,55246
70,(314) 882-1496,87323
71,(639) 360-7590,84872
72,(168) 222-1592,41329
73,(896) 303-1164,30135
74,(203) 982-6130,99602
75,(906) 217-1470,91750
76,(614) 514-1269,76865
77,(763) 409-5446,73490
78,(836) 292-5324,63725
79,(926) 709-3295,96892
80,(963) 356-9268,22767
81,(736) 522-8584,77987
82,(410) 483-0352,43841
83,(252) 204-1434,40684
84,(874) 886-4174,03828
85,(581) 379-7573,50710
86,(983) 632-8597,66309
87,(295) 983-3476,67973
88,(873) 392-8802,71983
89,(360) 669-3923,79637
90,(840) 987-9449,06963
91,(422) 517-6053,07367
92,(126) 940-2753,68999
93,(427) 930-5255,73510
94,(689) 721-5145,53700
95,(676) 334-2174,48247
96,(437) 994-5270,12657
97,(564) 908-6970,56618
98,(577) 333-6244,28423
99,(655) 840-6139,97020
